descriptor_id,descriptor
Street Condition|Pothole,Pothole
Noise - Residential|Loud Music/Party,Loud Music/Party
Noise - Street/Sidewalk|Loud Music/Party,Loud Music/Party
For Hire Vehicle Complaint|Driver Complaint - Non Passenger,Driver Complaint - Non Passenger
Noise - Residential|Banging/Pounding,Banging/Pounding
Illegal Parking|Parking Permit Improper Use,Parking Permit Improper Use
Illegal Parking|Blocked Hydrant,Blocked Hydrant
Blocked Driveway|No Access,No Access
Illegal Parking|Posted Parking Sign Violation,Posted Parking Sign Violation
Noise - Vehicle|Car/Truck Music,Car/Truck Music
Food Establishment|Food Spoiled,Food Spoiled
Illegal Parking|Double Parked Blocking Traffic,Double Parked Blocking Traffic
Overgrown Tree/Branches|Hitting Building,Hitting Building
Damaged Tree|Branch or Limb Has Fallen Down,Branch or Limb Has Fallen Down
Drinking|In Public,In Public
Illegal Fireworks|N/A,N/A
Blocked Driveway|Partial Access,Partial Access
Noise - Commercial|Loud Music/Party,Loud Music/Party
Illegal Parking|Blocked Crosswalk,Blocked Crosswalk
Noise - Street/Sidewalk|Loud Talking,Loud Talking
Dirty Condition|Trash,Trash
Illegal Parking|Double Parked Blocking Vehicle,Double Parked Blocking Vehicle
Noise - Vehicle|Car/Truck Horn,Car/Truck Horn
Illegal Tree Damage|Trunk Damaged,Trunk Damaged
Residential Disposal Complaint|Bin Not Used,Bin Not Used
Dead/Dying Tree|Planted More Than 2 Years Ago,Planted More Than 2 Years Ago
Illegal Parking|Commercial Overnight Parking,Commercial Overnight Parking
Litter Basket Complaint|Overflowing,Overflowing
Overgrown Tree/Branches|Dead Branches in Tree,Dead Branches in Tree
Obstruction|Trash or Recycling,Trash or Recycling
Abandoned Vehicle|With License Plate,With License Plate
Noise - Residential|Loud Television,Loud Television
Noise - Residential|Loud Talking,Loud Talking
Cannabis Retailer|Sales to Minors Under 21,Sales to Minors Under 21
Illegal Tree Damage|Roots Damaged,Roots Damaged
Panhandling|N/A,N/A
Root/Sewer/Sidewalk Condition|Trees and Sidewalks Program,Trees and Sidewalks Program
Street Condition|Cave-in,Cave-in
Consumer Complaint|Stoop Line Stand,Stoop Line Stand
Animal-Abuse|Neglected,Neglected
Illegal Parking|Blocked Bike Lane,Blocked Bike Lane
Encampment|N/A,N/A
Non-Emergency Police Matter|Other (complaint details),Other (complaint details)
Drug Activity|Use Indoor,Use Indoor
Street Light Condition|Street Light Out,Street Light Out
Illegal Parking|Blocked Sidewalk,Blocked Sidewalk
Street Light Condition|Fixture/Luminaire Hanging,Fixture/Luminaire Hanging
Dead Animal|Cat,Cat
Homeless Person Assistance|Non-Chronic,Non-Chronic
Noise - Vehicle|Engine Idling,Engine Idling
Sidewalk Condition|Defective Hardware,Defective Hardware
Drug Activity|Use Outside,Use Outside
Street Condition|Guard Rail - Street,Guard Rail - Street
Noise - House of Worship|Loud Talking,Loud Talking
Illegal Parking|Overnight Commercial Storage,Overnight Commercial Storage
Homeless Person Assistance|Chronic,Chronic
Indoor Air Quality|Chemical Vapors/Gases/Odors,Chemical Vapors/Gases/Odors
Street Condition|Plate Condition - Noisy,Plate Condition - Noisy
Lost Property|Bag/Wallet,Bag/Wallet
Consumer Complaint|Tow Truck Company,Tow Truck Company
Non-Emergency Police Matter|Trespassing,Trespassing
Damaged Tree|Branch Cracked and Will Fall,Branch Cracked and Will Fall
Traffic|Chronic Speeding,Chronic Speeding
Noise - Commercial|Banging/Pounding,Banging/Pounding
Sidewalk Condition|Sidewalk Violation,Sidewalk Violation
Street Condition|Defective Hardware,Defective Hardware
Dirty Condition|Broken Glass,Broken Glass
Illegal Dumping|Chronic Dumping,Chronic Dumping
Illegal Dumping|Removal Request,Removal Request
Food Poisoning|1 or 2,1 or 2
"Street Condition|Rough, Pitted or Cracked Roads","Rough, Pitted or Cracked Roads"
Indoor Air Quality|Ventilation,Ventilation
Outdoor Dining|Site Setup Condition,Site Setup Condition
Damaged Tree|Entire Tree Has Fallen Down,Entire Tree Has Fallen Down
Noise - Commercial|Loud Talking,Loud Talking
Illegal Posting|Poster or Sign,Poster or Sign
Noise - House of Worship|Loud Music/Party,Loud Music/Party
Smoking or Vaping|Allowed in Smoke Free Area,Allowed in Smoke Free Area
Drinking|After Hours - Licensed Est,After Hours - Licensed Est
Illegal Parking|License Plate Obscured,License Plate Obscured
Illegal Parking|Detached Trailer,Detached Trailer
HEAT/HOT WATER|ENTIRE BUILDING,ENTIRE BUILDING
Traffic Signal Condition|Controller,Controller
Building Drinking Water Tank|Unsanitary Condition,Unsanitary Condition
Water System|Hydrant Running Full (WA4),Hydrant Running Full (WA4)
Noise - Park|Loud Music/Party,Loud Music/Party
PAINT/PLASTER|WALL,WALL
PLUMBING|BASIN/SINK,BASIN/SINK
FLOORING/STAIRS|FLOOR,FLOOR
UNSANITARY CONDITION|MOLD,MOLD
Rodent|Rat Sighting,Rat Sighting
Damaged Tree|Tree Trunk Split,Tree Trunk Split
Consumer Complaint|Landlord or Real Estate Agent,Landlord or Real Estate Agent
Maintenance or Facility|Structure - Outdoors,Structure - Outdoors
PAINT/PLASTER|CEILING,CEILING
Lead|Lead Kit Request (Residential) (L10),Lead Kit Request (Residential) (L10)
Noise|Noise: Alarms (NR3),Noise: Alarms (NR3)
Rodent|Condition Attracting Rodents,Condition Attracting Rodents
Obstruction|Cone,Cone
WATER LEAK|HEAVY FLOW,HEAVY FLOW
DOOR/WINDOW|WINDOW FRAME,WINDOW FRAME
GENERAL|CABINET,CABINET
APPLIANCE|REFRIGERATOR,REFRIGERATOR
Violation of Park Rules|Unsafe Use of Playground,Unsafe Use of Playground
Noise - Park|Loud Talking,Loud Talking
Water System|Hydrant Leaking (WC1),Hydrant Leaking (WC1)
PLUMBING|WATER SUPPLY,WATER SUPPLY
"Noise|Noise, Barking Dog (NR5)","Noise, Barking Dog (NR5)"
Wood Pile Remaining|Remove Debris,Remove Debris
PAINT/PLASTER|WINDOW/FRAME,WINDOW/FRAME
ELECTRIC|POWER OUTAGE,POWER OUTAGE
Overgrown Tree/Branches|Hitting Phone/Cable Lines,Hitting Phone/Cable Lines
Sewer|Sewer Backup (Use Comments) (SA),Sewer Backup (Use Comments) (SA)
UNSANITARY CONDITION|PESTS,PESTS
Food Establishment|No Permit or License,No Permit or License
Noise|Noise: Construction Before/After Hours (NM1),Noise: Construction Before/After Hours (NM1)
Indoor Sewage|Sewage Leak,Sewage Leak
Asbestos|Asbestos Complaint (B1),Asbestos Complaint (B1)
Water System|Hydrant Running (WC3),Hydrant Running (WC3)
Curb Condition|Defacement,Defacement
Street Condition|Crash Cushion Defect,Crash Cushion Defect
Curb Condition|Broken Curb,Broken Curb
Illegal Parking|Unauthorized Bus Layover,Unauthorized Bus Layover
UNSANITARY CONDITION|SEWAGE,SEWAGE
Dirty Condition|Dog Waste,Dog Waste
Unleashed Dog|Unleashed Dog in Public,Unleashed Dog in Public
Illegal Tree Damage|Unauthorized Tree Pruning,Unauthorized Tree Pruning
Noise|Noise: Manufacturing Noise (NK1),Noise: Manufacturing Noise (NK1)
Traffic Signal Condition|Pedestrian Signal,Pedestrian Signal
Noise|Noise: air condition/ventilation equipment (NV1),Noise: air condition/ventilation equipment (NV1)
Animal-Abuse|Tortured,Tortured
Maintenance or Facility|Grass/Weeds,Grass/Weeds
"Air Quality|Air: Odor/Fumes, Vehicle Idling (AD3)","Air: Odor/Fumes, Vehicle Idling (AD3)"
Damaged Tree|Tree Alive - in Poor Condition,Tree Alive - in Poor Condition
Residential Disposal Complaint|Trash or Recycling Not Secure,Trash or Recycling Not Secure
Taxi Complaint|Driver Complaint - Non Passenger,Driver Complaint - Non Passenger
GENERAL|BELL/BUZZER/INTERCOM,BELL/BUZZER/INTERCOM
Rodent|Signs of Rodents,Signs of Rodents
Damaged Tree|Tree Leaning/Uprooted,Tree Leaning/Uprooted
DOOR/WINDOW|WINDOW PANE,WINDOW PANE
Maintenance or Facility|Unsecured Facility,Unsecured Facility
Taxi Complaint|Driver Complaint - Passenger,Driver Complaint - Passenger
Water System|Hydrant Defective (WC2),Hydrant Defective (WC2)
Traffic Signal Condition|Ped Lamp,Ped Lamp
Noise - Commercial|Loud Television,Loud Television
Overgrown Tree/Branches|Blocking Street,Blocking Street
Maintenance or Facility|Rodent Sighting,Rodent Sighting
Illegal Parking|Paper License Plates,Paper License Plates
Graffiti|Graffiti,Graffiti
Residential Disposal Complaint|Waste Set Out Too Early or Too Late,Waste Set Out Too Early or Too Late
Dead Animal|Squirrel,Squirrel
Animal-Abuse|Other (complaint details),Other (complaint details)
Overgrown Tree/Branches|Clear Street Light,Clear Street Light
Sidewalk Condition|Broken Sidewalk,Broken Sidewalk
Vendor Enforcement|Food Vendor,Food Vendor
Sidewalk Condition|Cellar Door Open/Unprotected,Cellar Door Open/Unprotected
Abandoned Bike|Chained to Public Property,Chained to Public Property
Consumer Complaint|Restaurant,Restaurant
GENERAL|VENTILATION SYSTEM,VENTILATION SYSTEM
Vendor Enforcement|Non-Food Vendor,Non-Food Vendor
ELECTRIC|NO LIGHTING,NO LIGHTING
Street Condition|Line/Marking - After Repaving,Line/Marking - After Repaving
WATER LEAK|DAMP SPOT,DAMP SPOT
Construction Lead Dust|In Common Areas,In Common Areas
Violation of Park Rules|Smoking,Smoking
SAFETY|CARBON MONOXIDE DETECTOR,CARBON MONOXIDE DETECTOR
SAFETY|SMOKE DETECTOR,SMOKE DETECTOR
Bridge Condition|Fence,Fence
Traffic Signal Condition|Underground,Underground
Street Light Condition|Lamppost Knocked Down,Lamppost Knocked Down
Residential Disposal Complaint|Waste Not Separated,Waste Not Separated
WATER LEAK|SLOW LEAK,SLOW LEAK
HEAT/HOT WATER|APARTMENT ONLY,APARTMENT ONLY
Indoor Air Quality|Other (Explain Below),Other (Explain Below)
Overgrown Tree/Branches|Traffic Sign or Signal Blocked,Traffic Sign or Signal Blocked
Drinking|Underage - Licensed Est,Underage - Licensed Est
Graffiti|Police Report Requested,Police Report Requested
Indoor Air Quality|Sewage Odor,Sewage Odor
Water Conservation|Illegal Use Of A Hydrant (CIN),Illegal Use Of A Hydrant (CIN)
"Street Sign - Dangling|No Parking, Standing, Stopping","No Parking, Standing, Stopping"
Noise - Commercial|Car/Truck Music,Car/Truck Music
GENERAL|JANITOR/SUPER,JANITOR/SUPER
ELECTRIC|LIGHTING,LIGHTING
APPLIANCE|ELECTRIC/GAS RANGE,ELECTRIC/GAS RANGE
DOOR/WINDOW|DOOR FRAME,DOOR FRAME
Food Establishment|Rodents/Insects/Garbage,Rodents/Insects/Garbage
Obstruction|Weeds or Grass,Weeds or Grass
GENERAL|SIGNAGE MISSING,SIGNAGE MISSING
GENERAL|COOKING GAS,COOKING GAS
Missed Collection|Trash,Trash
UNSANITARY CONDITION|GARBAGE/RECYCLING STORAGE,GARBAGE/RECYCLING STORAGE
ELEVATOR|MAINTENANCE,MAINTENANCE
"Consumer Complaint|Bodega, Deli, or Convenience Store","Bodega, Deli, or Convenience Store"
Missed Collection|Recycling - Paper/Metal/Glass/Rigid Plastic,Recycling - Paper/Metal/Glass/Rigid Plastic
Urinating in Public|N/A,N/A
Traffic Signal Condition|Veh Signal Lamp,Veh Signal Lamp
PLUMBING|STEAM PIPE/RISER,STEAM PIPE/RISER
Noise - Commercial|Car/Truck Horn,Car/Truck Horn
Animal-Abuse|No Shelter,No Shelter
Cannabis Retailer|Unlicensed,Unlicensed
DOOR/WINDOW|DOOR,DOOR
Water System|Dirty Water (WE),Dirty Water (WE)
Consumer Complaint|Hotel or Motel,Hotel or Motel
Outdoor Dining|Sidewalk Zone Blocked,Sidewalk Zone Blocked
Sewer|Manhole Cover Missing (Emergency) (SA3),Manhole Cover Missing (Emergency) (SA3)
Dead Animal|Opossum,Opossum
Maintenance or Facility|Garbage or Litter,Garbage or Litter
Lost Property|Electronics/Phones,Electronics/Phones
Rodent|Mouse Sighting,Mouse Sighting
Obstruction|Sign,Sign
Cannabis Retailer|Too Close to a School,Too Close to a School
PLUMBING|BATHTUB/SHOWER,BATHTUB/SHOWER
Animal in a Park|Dead Animal,Dead Animal
Maintenance or Facility|Hours of Operation,Hours of Operation
Dead Animal|Rat or Mouse,Rat or Mouse
Violation of Park Rules|Obstructing Public Use,Obstructing Public Use
"Air Quality|Air: Odor/Fumes, Restaurant (AD2)","Air: Odor/Fumes, Restaurant (AD2)"
Lot Condition|Trash,Trash
Noise - Helicopter|Other,Other
General Construction/Plumbing|Sidewalk Shed/Pipe Scafford - Inadequate Defective/None,Sidewalk Shed/Pipe Scafford - Inadequate Defective/None
Elevator|Elevator - Single Device On Property/No Alternate Service,Elevator - Single Device On Property/No Alternate Service
Traffic Signal Condition|Veh Sgnl Mult Lamps,Veh Sgnl Mult Lamps
Maintenance or Facility|Structure - Indoors,Structure - Indoors
Building/Use|Illegal Conversion Of Residential Building/Space,Illegal Conversion Of Residential Building/Space
Missed Collection|Bulky Trash,Bulky Trash
Residential Disposal Complaint|Mattress or Box Spring Uncovered,Mattress or Box Spring Uncovered
"Air Quality|Air: Odor, Nail Salon (AD8)","Air: Odor, Nail Salon (AD8)"
General Construction/Plumbing|Failure To Maintain,Failure To Maintain
For Hire Vehicle Complaint|Driver Complaint - Passenger,Driver Complaint - Passenger
Missed Collection|Bulky Recycling,Bulky Recycling
Elevator|Elevator - Multiple Devices On Property,Elevator - Multiple Devices On Property
Illegal Tree Damage|Branches Damaged,Branches Damaged
General Construction/Plumbing|Building Permit - None,Building Permit - None
Street Condition|Plate Condition - Shifted,Plate Condition - Shifted
Food Establishment|Kitchen/Food Prep Area,Kitchen/Food Prep Area
Sewer|Catch Basin Sunken/Damaged/Raised (SC1),Catch Basin Sunken/Damaged/Raised (SC1)
Drinking Water|Illness Caused by Drinking Water,Illness Caused by Drinking Water
Water System|Leak (Use Comments) (WA2),Leak (Use Comments) (WA2)
Water System|Possible Water Main Break (Use Comments) (WA1),Possible Water Main Break (Use Comments) (WA1)
Commercial Disposal Complaint|Waste Left in Front of Residence,Waste Left in Front of Residence
Animal in a Park|Dog Off Leash,Dog Off Leash
Street Sweeping Complaint|Inadequate Sweeping,Inadequate Sweeping
ELECTRIC|WIRING,WIRING
PLUMBING|TOILET,TOILET
Electrical|Electrical Wiring Defective/Exposed,Electrical Wiring Defective/Exposed
Building/Use|Zoning - Non-Conforming/Illegal Vehicle Storage,Zoning - Non-Conforming/Illegal Vehicle Storage
Bike/Roller/Skate|N/A,N/A
Outdoor Dining|Restaurant Status,Restaurant Status
Poison Ivy|N/A,N/A
PLUMBING|RADIATOR,RADIATOR
Consumer Complaint|Ticket Seller,Ticket Seller
Plumbing|Gas Hook-Up/Piping - Illegal Or Defective,Gas Hook-Up/Piping - Illegal Or Defective
SAFETY|FIRE ESCAPE,FIRE ESCAPE
General Construction/Plumbing|Egress - Doors Locked/Blocked/Improper/No Secondary Means,Egress - Doors Locked/Blocked/Improper/No Secondary Means
Sewer|Catch Basin Clogged/Flooding (Use Comments) (SC),Catch Basin Clogged/Flooding (Use Comments) (SC)
Lost Property|Clothing/Glasses,Clothing/Glasses
Sewer|Street Flooding (SJ),Street Flooding (SJ)
"Water Conservation|Wasting Faucets,Sinks,Flushometer,Urinal,Etc. - Other (CWO)","Wasting Faucets,Sinks,Flushometer,Urinal,Etc. - Other (CWO)"
Sidewalk Condition|Blocked - Construction,Blocked - Construction
Maintenance or Facility|Recreation Center,Recreation Center
"Street Sign - Damaged|No Parking, Standing, Stopping","No Parking, Standing, Stopping"
Sidewalk Condition|Sidewalk Staircase,Sidewalk Staircase
Street Light Condition|Street Light Dayburning,Street Light Dayburning
Water System|No Water (WNW),No Water (WNW)
General Construction/Plumbing|Cons - Contrary/Beyond Approved Plans/Permits,Cons - Contrary/Beyond Approved Plans/Permits
General Construction/Plumbing|Vent/Exhaust - Illegal/Improper,Vent/Exhaust - Illegal/Improper
"Air Quality|Air: Dust, Construction/Demolition (AE4)","Air: Dust, Construction/Demolition (AE4)"
General Construction/Plumbing|Building Shaking/Vibrating/Structural Stability,Building Shaking/Vibrating/Structural Stability
General Construction/Plumbing|Adjacent Buildings Not Protected,Adjacent Buildings Not Protected
Building/Use|Illegal. Commercial Use In Resident Zone,Illegal. Commercial Use In Resident Zone
Street Light Condition|Lamppost Damaged,Lamppost Damaged
"Air Quality|Air: Smoke, Chimney or vent (AS1)","Air: Smoke, Chimney or vent (AS1)"
Street Condition|Failed Street Repair,Failed Street Repair
Bus Stop Shelter Complaint|Dirty/Graffiti,Dirty/Graffiti
Consumer Complaint|Supermarket or Grocery Store,Supermarket or Grocery Store
Taxi Report|Driver Report - Passenger,Driver Report - Passenger
Consumer Complaint|Tobacco Sales,Tobacco Sales
For Hire Vehicle Complaint|Car Service Company Complaint,Car Service Company Complaint
"Street Sign - Missing|No Parking, Standing, Stopping","No Parking, Standing, Stopping"
Litter Basket Request|New Basket,New Basket
Lost Property|Other,Other
Violation of Park Rules|Unlicensed Vendors,Unlicensed Vendors
Building/Use|No Certificate Of Occupancy/Illegal/Contrary To CO,No Certificate Of Occupancy/Illegal/Contrary To CO
Overgrown Tree/Branches|Hitting Power Lines,Hitting Power Lines
Residential Disposal Complaint|Waste Left in Front of Other Residence,Waste Left in Front of Other Residence
Street Condition|Dumpster - Construction Waste,Dumpster - Construction Waste
Animal in a Park|Injured Wildlife,Injured Wildlife
General Construction/Plumbing|Safety Inspection-Retaining Walls (May 2005),Safety Inspection-Retaining Walls (May 2005)
"General Construction/Plumbing|Building - Vacant, Open And Unguarded","Building - Vacant, Open And Unguarded"
ELECTRIC|OUTLET/SWITCH,OUTLET/SWITCH
Industrial Waste|Grease In Sewer/Catch Basin (IDG),Grease In Sewer/Catch Basin (IDG)
Real Time Enforcement|Work Without A Permit - Occupied Multiple Dwelling,Work Without A Permit - Occupied Multiple Dwelling
Missed Collection|Recycling - Paper,Recycling - Paper
Food Establishment|Odor,Odor
Missed Collection|Compost,Compost
Indoor Air Quality|Unsafe Mold Cleanup,Unsafe Mold Cleanup
General Construction/Plumbing|Structural Stability Impacted - New Building Under Construction,Structural Stability Impacted - New Building Under Construction
Traffic Signal Condition|Ped Multiple Lamps,Ped Multiple Lamps
Uprooted Stump|Remove Stump,Remove Stump
Street Sign - Dangling|Speed Limit,Speed Limit
Cranes and Derricks|Crane/Suspension Scaffold - No Permit/License/Cert./Unsafe/Illegal,Crane/Suspension Scaffold - No Permit/License/Cert./Unsafe/Illegal
Taxi Complaint|Vehicle Complaint,Vehicle Complaint
Street Condition|Blocked - Construction,Blocked - Construction
Consumer Complaint|Electronics Store,Electronics Store
Indoor Air Quality|Dust from Construction,Dust from Construction
"Water Quality|Taste/Odor, Musty/Stale (QA4)","Taste/Odor, Musty/Stale (QA4)"
Asbestos|N/A,N/A
Violation of Park Rules|BBQ Outside Authorized Area,BBQ Outside Authorized Area
Day Care|Day Care Facility,Day Care Facility
Traffic Signal Condition|Veh Signal Head,Veh Signal Head
Mold|Public Complaint - Comm Location,Public Complaint - Comm Location
Consumer Complaint|Other Store (Non-Food),Other Store (Non-Food)
Unsanitary Animal Pvt Property|Dog,Dog
Street Sign - Missing|St Name - Attached to Pole,St Name - Attached to Pole
Emergency Response Team (ERT)|After Hours Work - Illegal,After Hours Work - Illegal
Broken Parking Meter|Out of Order,Out of Order
Sidewalk Condition|Sidewalk Grating - Defective,Sidewalk Grating - Defective
General Construction/Plumbing|Fence - None/Inadequate,Fence - None/Inadequate
Street Sign - Damaged|St Name - Over Intersection,St Name - Over Intersection
Unsanitary Pigeon Condition|Pigeon Waste,Pigeon Waste
Construction Lead Dust|Common Areas and Apartment,Common Areas and Apartment
PAINT/PLASTER|CABINET,CABINET
Dead/Dying Tree|Planted Less Than 2 Years Ago,Planted Less Than 2 Years Ago
Mobile Food Vendor|Smoke/Odor,Smoke/Odor
Traffic|Drag Racing,Drag Racing
Street Light Condition|Multiple Street Lights Out,Multiple Street Lights Out
General Construction/Plumbing|Debris - Excessive,Debris - Excessive
Sewer|Catch Basin Search (SC2),Catch Basin Search (SC2)
"Air Quality|Air: Smoke, Vehicular (AA4)","Air: Smoke, Vehicular (AA4)"
Water System|LOW WATER PRESSURE - WLWP,LOW WATER PRESSURE - WLWP
Noise|Noise: Construction Equipment (NC1),Noise: Construction Equipment (NC1)
Sewer|Sewer Odor (SA2),Sewer Odor (SA2)
Water Conservation|Water Meter Broken/Leaking - Other (CMO),Water Meter Broken/Leaking - Other (CMO)
Water System|Hydrant Knocked Over/Missing (WC),Hydrant Knocked Over/Missing (WC)
Water Conservation|Water Meter Broken/Leaking - Private Residence (CMR),Water Meter Broken/Leaking - Private Residence (CMR)
Hazardous Materials|Chemical Odor (HD1),Chemical Odor (HD1)
Air Quality|Air: Other Air Problem (Use Comments) (AZZ),Air: Other Air Problem (Use Comments) (AZZ)
Industrial Waste|Chemical Spill (IAC),Chemical Spill (IAC)
Sewer|Manhole Overflow (Use Comments) (SA1),Manhole Overflow (Use Comments) (SA1)
Noise|Noise:  lawn care equipment (NCL),Noise:  lawn care equipment (NCL)
Litter Basket Request|Replacement Basket,Replacement Basket
Traffic|Congestion/Gridlock,Congestion/Gridlock
New Tree Request|For One Address,For One Address
Consumer Complaint|Garage or Parking Lot,Garage or Parking Lot
Pet Sale|Animals Sold From Residence,Animals Sold From Residence
Broken Parking Meter|Coin or Card Did Not Register,Coin or Card Did Not Register
Maintenance or Facility|Graffiti or Vandalism,Graffiti or Vandalism
Animal-Abuse|Chained,Chained
Illegal Tree Damage|Bicycle Chained to Tree,Bicycle Chained to Tree
Derelict Vehicles|Derelict Vehicles,Derelict Vehicles
Boilers|Boiler - Defective/Inoperative/No Permit,Boiler - Defective/Inoperative/No Permit
"Consumer Complaint|Clothing, Shoe, or Accessories Store","Clothing, Shoe, or Accessories Store"
Special Projects Inspection Team (SPIT)|Illegal Hotel Rooms In Residential Building,Illegal Hotel Rooms In Residential Building
Traffic Signal Condition|Post,Post
Curb Condition|Curb Defect-Metal Protruding,Curb Defect-Metal Protruding
"Consumer Complaint|Smoking, Cigar, or Vape Store","Smoking, Cigar, or Vape Store"
Street Light Condition|Traffic Signal Light,Traffic Signal Light
Traffic Signal Condition|APS,APS
General Construction/Plumbing|Debris - Falling Or In Danger Of Falling,Debris - Falling Or In Danger Of Falling
Plumbing|Sprinkler System - Inadequate,Sprinkler System - Inadequate
Dirty Condition|Syringes,Syringes
Violation of Park Rules|Biking/Rollerblading off Path,Biking/Rollerblading off Path
Illegal Tree Damage|Unauthorized Tree Removal,Unauthorized Tree Removal
Traffic Signal Condition|Base Door,Base Door
Ferry Inquiry|Lost and Found,Lost and Found
Street Sign - Dangling|St Name - Attached to Pole,St Name - Attached to Pole
Animal in a Park|Removing Wildlife,Removing Wildlife
Special Projects Inspection Team (SPIT)|Advertising Sign/Billboard/Posters/Flexible Fabric - Illegal,Advertising Sign/Billboard/Posters/Flexible Fabric - Illegal
Consumer Complaint|Employment Agency,Employment Agency
PAINT/PLASTER|DOOR/FRAME,DOOR/FRAME
Unsanitary Animal Pvt Property|Other Animal,Other Animal
Broken Parking Meter|No Receipt,No Receipt
Dumpster Complaint|Blocking Sidewalk or Street,Blocking Sidewalk or Street
Bench|Damaged/Bent/Loose/Leaning,Damaged/Bent/Loose/Leaning
Food Establishment|Food Contaminated,Food Contaminated
Obstruction|Merchandise,Merchandise
PAINT/PLASTER|RADIATOR,RADIATOR
Consumer Complaint|Laundromat,Laundromat
Bus Stop Shelter Placement|New Bus Stop Shelter Placement,New Bus Stop Shelter Placement
Consumer Complaint|Process Server,Process Server
Traffic Signal Condition|Warning Buzzer,Warning Buzzer
Dirty Condition|Dirt or Gravel,Dirt or Gravel
Missed Collection|Recycling - Metal/Glass/Rigid Plastic,Recycling - Metal/Glass/Rigid Plastic
Street Sign - Damaged|Other/Unknown,Other/Unknown
Street Sign - Dangling|Street Cleaning - ASP,Street Cleaning - ASP
Illegal Posting|Flyer or Handbill,Flyer or Handbill
Obstruction|Sidewalk Display,Sidewalk Display
General Construction/Plumbing|Illegal Conversion Of Commercial Bldg/Space To Other Uses,Illegal Conversion Of Commercial Bldg/Space To Other Uses
Street Sign - Damaged|One Way,One Way
Consumer Complaint|Street Fair Vendor,Street Fair Vendor
Scaffold Safety|Suspended (Hanging) Scaffolds - No Pmt/Lic/Dangerous/Accident,Suspended (Hanging) Scaffolds - No Pmt/Lic/Dangerous/Accident
General Construction/Plumbing|Site Conditions Endangering Workers,Site Conditions Endangering Workers
Street Condition|Plate Condition - Anti-Skid,Plate Condition - Anti-Skid
Street Sweeping Complaint|Street Not Swept,Street Not Swept
Street Light Condition|Fixture/Luminaire Door Open,Fixture/Luminaire Door Open
OUTSIDE BUILDING|ROOFING,ROOFING
Illegal Posting|Sticker or Decal,Sticker or Decal
Mosquitoes|Large Number of Mosquitoes,Large Number of Mosquitoes
Street Light Condition|Fixture/Luminaire Damaged,Fixture/Luminaire Damaged
Unsanitary Animal Pvt Property|Cat,Cat
General Construction/Plumbing|Posted Notice Or Order Removed/Tampered With,Posted Notice Or Order Removed/Tampered With
Traffic Signal Condition|LED Pedestrian Unit,LED Pedestrian Unit
Consumer Complaint|Gas Station Pumps,Gas Station Pumps
Consumer Complaint|Dry Cleaner,Dry Cleaner
Food Establishment|Food Contains Foreign Object,Food Contains Foreign Object
Sanitation Worker or Vehicle Complaint|Inappropriate Behavior,Inappropriate Behavior
Food Poisoning|3 or More,3 or More
SAFETY|WINDOW GUARD BROKEN/MISSING,WINDOW GUARD BROKEN/MISSING
Plumbing|Failure To Retain Water/Improper Drainage- (LL103/89),Failure To Retain Water/Improper Drainage- (LL103/89)
Street Light Condition|Lamppost Base Door/Cover Open,Lamppost Base Door/Cover Open
Consumer Complaint|Home Improvement Contractor,Home Improvement Contractor
Ferry Complaint|Delays,Delays
Street Sign - Damaged|Stop,Stop
Traffic Signal Condition|Veh Signal Visor,Veh Signal Visor
General Construction/Plumbing|Curb Cut/Driveway/Carport - Illegal,Curb Cut/Driveway/Carport - Illegal
Traffic Signal Condition|Blank Out Matrix Sgn,Blank Out Matrix Sgn
Traffic Signal Condition|Junction Box,Junction Box
Obstruction|Donation Collection Bin,Donation Collection Bin
Traffic Signal Condition|Support Bracket,Support Bracket
Highway Condition|Graffiti - Highway,Graffiti - Highway
Sidewalk Condition|Sidewalk Collapsed,Sidewalk Collapsed
Construction Lead Dust|Coming into Apartment,Coming into Apartment
General Construction/Plumbing|Excavation Undermining Adjacent Building,Excavation Undermining Adjacent Building
BEST/Site Safety|Demolition - Unsafe,Demolition - Unsafe
Food Establishment|Food Temperature,Food Temperature
For Hire Vehicle Report|Driver Complaint - Non Passenger,Driver Complaint - Non Passenger
Building/Use|SRO - Illegal Work/No Permit/Change In Occupancy/Use,SRO - Illegal Work/No Permit/Change In Occupancy/Use
Consumer Complaint|Used Car Dealer,Used Car Dealer
Street Light Condition|Lamppost Missing,Lamppost Missing
Special Projects Inspection Team (SPIT)|Sign/Awning/Marquee - Illegal/No Permit,Sign/Awning/Marquee - Illegal/No Permit
General Construction/Plumbing|Working Contrary To Stop Work Order,Working Contrary To Stop Work Order
Consumer Complaint|Tax Preparation Services,Tax Preparation Services
Traffic|Truck Route Violation,Truck Route Violation
Special Projects Inspection Team (SPIT)|Privately Owned Public Space/Non-Compliance,Privately Owned Public Space/Non-Compliance
SAFETY|SPRINKLER,SPRINKLER
Traffic Signal Condition|Vehicle Signal,Vehicle Signal
Food Establishment|Letter Grading,Letter Grading
Unsanitary Pigeon Condition|Pigeon Odor,Pigeon Odor
Street Sign - Missing|Stop,Stop
Dead Animal|Raccoon,Raccoon
Litter Basket Complaint|Misuse,Misuse
Standing Water|Puddle in Ground,Puddle in Ground
Missed Collection|Trash and Bulky Trash,Trash and Bulky Trash
Dirty Condition|Debris from Car Accident,Debris from Car Accident
Lot Condition|Construction Debris,Construction Debris
"Air Quality|Air: Dust, Other (Use Comments) (AE5)","Air: Dust, Other (Use Comments) (AE5)"
Green Taxi Complaint|Driver Complaint - Passenger,Driver Complaint - Passenger
Dumpster Complaint|Small uncovered dumpster,Small uncovered dumpster
Sanitation Worker or Vehicle Complaint|Spilled Garbage,Spilled Garbage
Consumer Complaint|E-Cigarette Sales,E-Cigarette Sales
Street Sign - Dangling|Other/Unknown,Other/Unknown
GENERAL|MAILBOX,MAILBOX
Standing Water|Swimming Pool - Unmaintained,Swimming Pool - Unmaintained
Street Light Condition|New Con Ed Service Request,New Con Ed Service Request
Dead Animal|Bird,Bird
Highway Condition|Cave-in,Cave-in
Residential Disposal Complaint|Refrigerator or Freezer Door Attached,Refrigerator or Freezer Door Attached
Harboring Bees/Wasps|Bees/Wasps - Not a beekeper,Bees/Wasps - Not a beekeper
Street Condition|Line/Marking - Faded,Line/Marking - Faded
Food Establishment|Bare Hands in Contact w/ Food,Bare Hands in Contact w/ Food
Residential Disposal Complaint|Storage Area Not Provided,Storage Area Not Provided
Traffic|Chronic Stoplight Violation,Chronic Stoplight Violation
For Hire Vehicle Report|Car Service Company Report,Car Service Company Report
Street Sign - Damaged|Bus Stop,Bus Stop
Bike Rack|Abandoned Bike,Abandoned Bike
Lot Condition|Appliances,Appliances
Dead Animal|Other,Other
Mobile Food Vendor|Equipment,Equipment
Sidewalk Condition|Newspaper Box Complaint,Newspaper Box Complaint
Commercial Disposal Complaint|Waste Disposal,Waste Disposal
Dead Animal|Dog,Dog
Consumer Complaint|Car Rental,Car Rental
Highway Condition|Pothole - Highway,Pothole - Highway
Noise|Noise: Jack Hammering (NC2),Noise: Jack Hammering (NC2)
Street Light Condition|Street Light Lamp Missing,Street Light Lamp Missing
Investigations and Discipline (IAD)|Investigative Inspection,Investigative Inspection
Street Sign - Dangling|Stop,Stop
Street Sign - Damaged|St Name - Attached to Pole,St Name - Attached to Pole
FLOORING/STAIRS|STAIRS,STAIRS
Lifeguard|Absent,Absent
OUTSIDE BUILDING|SKYLIGHT,SKYLIGHT
Highway Condition|Dead Animal,Dead Animal
Consumer Complaint|Storage Warehouse,Storage Warehouse
Consumer Complaint|Scrap Metal Processor,Scrap Metal Processor
Consumer Complaint|Tour Bus,Tour Bus
Taxi Compliment|Driver Compliment,Driver Compliment
Bus Stop Shelter Complaint|Broken Glass,Broken Glass
Mobile Food Vendor|Food Worker Activity,Food Worker Activity
Water Conservation|Illegal Use Of Hose - Private Residence (CCR),Illegal Use Of Hose - Private Residence (CCR)
Consumer Complaint|Department Store or Megastore,Department Store or Megastore
Traffic Signal Condition|Cable,Cable
Street Light Condition|Lamppost Wire Exposed,Lamppost Wire Exposed
LinkNYC|Blocking Sidewalk,Blocking Sidewalk
Noise|Noise: Private Carting Noise (NQ1),Noise: Private Carting Noise (NQ1)
Bus Stop Shelter Complaint|Damaged Other,Damaged Other
Graffiti|Police Report Not Requested,Police Report Not Requested
Sanitation Worker or Vehicle Complaint|Noise,Noise
Hazardous Materials|Chemical Spill/Release (HA1),Chemical Spill/Release (HA1)
Dumpster Complaint|Overflowing dumpster,Overflowing dumpster
Plumbing|Plumbing Work - Illegal/No Permit/Standpipe/Sprinkler,Plumbing Work - Illegal/No Permit/Standpipe/Sprinkler
Emergency Response Team (ERT)|Lights From Parking Lot Shining On Building,Lights From Parking Lot Shining On Building
General Construction/Plumbing|Failure to Comply with Vacate Order,Failure to Comply with Vacate Order
OUTSIDE BUILDING|GUTTER/LEADER,GUTTER/LEADER
Street Light Condition|Street Light Cycling,Street Light Cycling
Tattooing|Dirty/Inadequate Eqp/Facility,Dirty/Inadequate Eqp/Facility
Found Property|Clothing/Glasses,Clothing/Glasses
Street Sign - Missing|Yield,Yield
Street Sign - Dangling|St Name - Over Intersection,St Name - Over Intersection
Food Establishment|Food Protection,Food Protection
PLUMBING|SEWER,SEWER
Noise - Helicopter|NYPD,NYPD
Bus Stop Shelter Complaint|Damaged Bench,Damaged Bench
Standing Water|Other - Explain Below,Other - Explain Below
"Noise|Noise, Ice Cream Truck (NR4)","Noise, Ice Cream Truck (NR4)"
Consumer Complaint|Locksmith,Locksmith
Water Quality|unknown odor/taste in drinking water (QA6),unknown odor/taste in drinking water (QA6)
Consumer Complaint|Car Wash,Car Wash
Mobile Food Vendor|Insects / Pests,Insects / Pests
Consumer Complaint|Cell Phone Store,Cell Phone Store
Noise - Helicopter|News Gathering,News Gathering
Sidewalk Condition|Pedestrian Ramp Defective,Pedestrian Ramp Defective
Animal Facility - No Permit|N/A,N/A
Illegal Animal Sold|Other,Other
Food Establishment|Pet/Animal,Pet/Animal
Animal in a Park|Wildlife Sighting,Wildlife Sighting
Sewer|Defective/Missing Curb Piece (SC4),Defective/Missing Curb Piece (SC4)
Water System|Excessive Water In Basement (WEFB),Excessive Water In Basement (WEFB)
Consumer Complaint|Drug Store or Pharmacy,Drug Store or Pharmacy
Outdoor Dining|Street Zone Blocked,Street Zone Blocked
"Water Quality|No Sampling Required, Requested Information (QG2)","No Sampling Required, Requested Information (QG2)"
Sewer|Highway Flooding (SH),Highway Flooding (SH)
Sewer|Culvert Blocked/Needs Cleaning (SE),Culvert Blocked/Needs Cleaning (SE)
Mobile Food Vendor|Food Source/Protection,Food Source/Protection
General Construction/Plumbing|Wall/Retaining Wall - Bulging/Cracked,Wall/Retaining Wall - Bulging/Cracked
Special Projects Inspection Team (SPIT)|Illegal Conversion Of Manufacturing/Industrial Space,Illegal Conversion Of Manufacturing/Industrial Space
Cannabis Retailer|Suspicious Activity,Suspicious Activity
Sidewalk Condition|Cellar Door Defective,Cellar Door Defective
Non-Emergency Police Matter|Ticket Scalping,Ticket Scalping
OUTSIDE BUILDING|PAVEMENT,PAVEMENT
Consumer Complaint|Movie Theater,Movie Theater
Highway Condition|Litter,Litter
"Consumer Complaint|Barber Shop, Beauty Salon, or Nail Salon","Barber Shop, Beauty Salon, or Nail Salon"
Food Establishment|Food Worker Hygiene,Food Worker Hygiene
Noise - House of Worship|Banging/Pounding,Banging/Pounding
Street Sign - Missing|Bus Stop,Bus Stop
Food Establishment|Sewage,Sewage
Industrial Waste|Concrete In Catch Basin (IEA),Concrete In Catch Basin (IEA)
Standing Water|Container - Over 5 Gallons,Container - Over 5 Gallons
Traffic Signal Condition|Warning Signal,Warning Signal
Traffic Signal Condition|Controller Cabinet,Controller Cabinet
Consumer Complaint|Third-Party Food Delivery Service,Third-Party Food Delivery Service
Consumer Complaint|Hardware Store,Hardware Store
Animal in a Park|Domestic Strays,Domestic Strays
"Water Conservation|Wasting Faucets,Sinks,Flushometer,Urinal,Etc. - Private Residence (CWR)","Wasting Faucets,Sinks,Flushometer,Urinal,Etc. - Private Residence (CWR)"
Maintenance or Facility|Broken Glass,Broken Glass
Highway Condition|Highway Fence,Highway Fence
Street Sign - Dangling|One Way,One Way
Bike Rack|Missing,Missing
Street Sign - Damaged|Street Cleaning - ASP,Street Cleaning - ASP
Plumbing|Plumbing-Defective/Leaking/Not Maintained,Plumbing-Defective/Leaking/Not Maintained
Water Quality|Clear Water With Other Particles (Use Comments) (QEZ),Clear Water With Other Particles (Use Comments) (QEZ)
Day Care|Summer Camp,Summer Camp
Street Sign - Missing|Other/Unknown,Other/Unknown
Consumer Complaint|Home Appliance Store,Home Appliance Store
Disorderly Youth|Nuisance/Truant,Nuisance/Truant
Industrial Waste|Waterway-Color (IHD),Waterway-Color (IHD)
Consumer Complaint|Moving Company,Moving Company
Street Sign - Missing|Do Not Enter,Do Not Enter
For Hire Vehicle Report|Driver Report - Passenger,Driver Report - Passenger
Consumer Complaint|Electronics or Appliance Repair,Electronics or Appliance Repair
Mobile Food Vendor|Food Temperature,Food Temperature
Water Quality|Cloudy Or Milky Water (QB1),Cloudy Or Milky Water (QB1)
Standing Water|Building Foundation,Building Foundation
Sidewalk Condition|Sidewalk Grating - Missing,Sidewalk Grating - Missing
Sanitation Worker or Vehicle Complaint|Unsafe Driving,Unsafe Driving
"Hazardous Materials|Oil Spill On Street, Large (HQL)","Oil Spill On Street, Large (HQL)"
SAFETY|OUTLET COVER,OUTLET COVER
Street Light Condition|Lamppost Base Door/Cover Missing,Lamppost Base Door/Cover Missing
DOOR/WINDOW|DOOR TO DUMBWAITER,DOOR TO DUMBWAITER
"Hazardous Materials|Unsafe Chemical, Abandoned (HC2)","Unsafe Chemical, Abandoned (HC2)"
Consumer Complaint|Residential Rental Agency,Residential Rental Agency
Sewer|RAIN GARDEN DEBRIS (GIRGD),RAIN GARDEN DEBRIS (GIRGD)
Street Sign - Missing|Street Cleaning - ASP,Street Cleaning - ASP
Highway Condition|High Grass,High Grass
General Construction/Plumbing|Construction - Change Grade/Watercourse,Construction - Change Grade/Watercourse
"Noise|Noise, Other Animals (NR6)","Noise, Other Animals (NR6)"
Indoor Air Quality|Human Feces,Human Feces
Ferry Complaint|General Complaint,General Complaint
Street Sign - Damaged|Do Not Enter,Do Not Enter
Street Light Condition|Flood Light Lamp Out,Flood Light Lamp Out
Traffic Signal Condition|On Messenger,On Messenger
Traffic Signal Condition|Door Lock,Door Lock
Consumer Complaint|Gas Station Convenience Store,Gas Station Convenience Store
"Water Quality|Cloudy Or Milky, Other (Use Comments) (QBZ)","Cloudy Or Milky, Other (Use Comments) (QBZ)"
Lost Property|Jewelry,Jewelry
Beach/Pool/Sauna Complaint|Beach/Pool Water,Beach/Pool Water
Industrial Waste|Oil Spill Into Basin/Sewer - Small (IABS),Oil Spill Into Basin/Sewer - Small (IABS)
Food Establishment|Permit/License/Certificate,Permit/License/Certificate
Illegal Animal Kept as Pet|Rooster,Rooster
Sewer|RAIN GARDEN PLANTING (GIRGP),RAIN GARDEN PLANTING (GIRGP)
Standing Water|Puddle on Roof,Puddle on Roof
Consumer Complaint|Shipping Company,Shipping Company
Traffic Signal Condition|Street Light Feed,Street Light Feed
Tobacco or Non-Tobacco Sale|Banned Tobacco Flavors Sold,Banned Tobacco Flavors Sold
Consumer Complaint|Travel Agency,Travel Agency
Illegal Animal Kept as Pet|Other,Other
Water Conservation|Rooftank Leak Or Overflow (CKO),Rooftank Leak Or Overflow (CKO)
Street Light Condition|Lamppost Leaning,Lamppost Leaning
Standing Water|Puddle on Sidewalk,Puddle on Sidewalk
Highway Condition|Concrete Barrier,Concrete Barrier
Street Light Condition|Multiple St Lts Dayburning,Multiple St Lts Dayburning
Traffic Signal Condition|Veh Signal Lens,Veh Signal Lens
Disorderly Youth|Playing in Unsuitable Place,Playing in Unsuitable Place
Recycling Basket Complaint|Overflowing,Overflowing
Street Condition|Wear & Tear,Wear & Tear
Beach/Pool/Sauna Complaint|Safety Equipment/Signs,Safety Equipment/Signs
Consumer Complaint|Construction Labor Provider,Construction Labor Provider
Violation of Park Rules|Use of Newly Seeded Lawn,Use of Newly Seeded Lawn
"Water Quality|Taste/Odor, Bitter/Metallic (QA3)","Taste/Odor, Bitter/Metallic (QA3)"
Street Condition|Depression Maintenance,Depression Maintenance
Violation of Park Rules|Removing Flowers/Plants,Removing Flowers/Plants
Industrial Waste|Wastewater Into Catch Basin (IEB),Wastewater Into Catch Basin (IEB)
Bike Rack|Damaged/Bent/Loose/Leaning,Damaged/Bent/Loose/Leaning
Traffic Signal Condition|Push Button,Push Button
Sidewalk Condition|Dumpster - Construction Waste,Dumpster - Construction Waste
Street Sign - Missing|School Crossing,School Crossing
OUTSIDE BUILDING|PORCH/BALCONY,PORCH/BALCONY
"Water Quality|Taste/Odor, Chemical (QA2)","Taste/Odor, Chemical (QA2)"
Consumer Complaint|Pest Control Services,Pest Control Services
Sewer|Catch Basin Grating Missing (SA4),Catch Basin Grating Missing (SA4)
Root/Sewer/Sidewalk Condition|Affecting Sewer or Foundation,Affecting Sewer or Foundation
Food Establishment|Food Preparation Location,Food Preparation Location
Food Establishment|Food Worker Activity,Food Worker Activity
Violation of Park Rules|Unauthorized Posting of Signs,Unauthorized Posting of Signs
Animal in a Park|Animal Waste,Animal Waste
Consumer Complaint|Furniture Store,Furniture Store
Special Projects Inspection Team (SPIT)|Adult Establishment,Adult Establishment
Food Establishment|Toxic Chemical/Material,Toxic Chemical/Material
Standing Water|Container - Under 5 Gallons,Container - Under 5 Gallons
Water Conservation|Water Meter Stolen/Missing - Private Residence (CLR),Water Meter Stolen/Missing - Private Residence (CLR)
Street Light Condition|Street Light Lamp Dim,Street Light Lamp Dim
Food Establishment|Allergy Information,Allergy Information
Water System|installation of hydrant side post (WHFP),installation of hydrant side post (WHFP)
Food Establishment|Water,Water
"Hazardous Materials|Oil Spill On Street, Small (HQS)","Oil Spill On Street, Small (HQS)"
Highway Condition|Guard Rail - Highway,Guard Rail - Highway
Street Sign - Dangling|Yield,Yield
Food Establishment|Toilet Facility,Toilet Facility
"Hazardous Materials|Unsafe Chemical, Storage (HC1)","Unsafe Chemical, Storage (HC1)"
LinkNYC|WiFi/Internet Not Working/Slow,WiFi/Internet Not Working/Slow
Investigations and Discipline (IAD)|Plumbing Work - Unlicensed/Illegal/Improper Work In Progress,Plumbing Work - Unlicensed/Illegal/Improper Work In Progress
Sanitation Worker or Vehicle Complaint|Idling or Blocking Traffic,Idling or Blocking Traffic
Public Toilet|Damaged Other,Damaged Other
Food Establishment|Dishwashing/Utensils,Dishwashing/Utensils
Found Property|Bag/Wallet,Bag/Wallet
Bridge Condition|Graffiti - Bridge,Graffiti - Bridge
Highway Condition|Painted Line/Marking,Painted Line/Marking
Consumer Complaint|Arcade,Arcade
Sidewalk Condition|Metal Protruding - Sign Stump,Metal Protruding - Sign Stump
Lost Property|Sports Equipment,Sports Equipment
Ferry Inquiry|General Inquiry,General Inquiry
OUTSIDE BUILDING|ROOF DOOR/HATCH,ROOF DOOR/HATCH
Plant|Plants- Odor Related Problems (PO1),Plants- Odor Related Problems (PO1)
Street Sign - Damaged|Detour,Detour
Water System|Hyd Valve Box Cover Missing (WV2),Hyd Valve Box Cover Missing (WV2)
Leaning Bar|Damaged/Bent/Loose/Leaning,Damaged/Bent/Loose/Leaning
Bridge Condition|Pothole,Pothole
General Construction/Plumbing|Deck Inspection,Deck Inspection
Consumer Complaint|Micromobility Device Store,Micromobility Device Store
Standing Water|Sewer or Drain,Sewer or Drain
Mold|Loft Building,Loft Building
E-Scooter|Improperly Parked or Abandoned,Improperly Parked or Abandoned
Traffic Signal Condition|Temporary,Temporary
Tattooing|Tattoo Artist Unlicensed,Tattoo Artist Unlicensed
Traffic Signal Condition|Flashing Hazard,Flashing Hazard
Traffic Signal Condition|Ped Flasher,Ped Flasher
"Water Quality|Taste/Odor, Sewer (QA5)","Taste/Odor, Sewer (QA5)"
Street Light Condition|Glassware Missing,Glassware Missing
Street Light Condition|Fixture/Luminaire Out Of Position,Fixture/Luminaire Out Of Position
Cannabis Retailer|Product Concerns,Product Concerns
Food Establishment|Facility Construction,Facility Construction
General Construction/Plumbing|Landmark Bldg - Illegal Work,Landmark Bldg - Illegal Work
Traffic Signal Condition|Turn Signal,Turn Signal
Consumer Complaint|Office Supply or Stationery Store,Office Supply or Stationery Store
Pet Sale|Inadequate Care,Inadequate Care
Cooling Tower|Unsanitary Condition,Unsanitary Condition
"Consumer Complaint|Gift, Novelty, or Souvenir Store","Gift, Novelty, or Souvenir Store"
Traffic Signal Condition|Ver Mesage Sign RTPI,Ver Mesage Sign RTPI
Street Sign - Dangling|Bus Stop,Bus Stop
Traffic Signal Condition|Wireless,Wireless
Food Establishment|Handwashing,Handwashing
Oil or Gas Spill|Emergency Personnel Report,Emergency Personnel Report
Highway Sign - Damaged|Other/Unknown,Other/Unknown
Traffic Signal Condition|Dust Cover,Dust Cover
Traffic Signal Condition|Door,Door
Bus Stop Shelter Complaint|Damaged or Leaking Roof,Damaged or Leaking Roof
"Noise|Noise: Boat(Engine,Music,Etc) (NR10)","Noise: Boat(Engine,Music,Etc) (NR10)"
Animal-Abuse|In Car,In Car
Outdoor Dining|Barrier Condition,Barrier Condition
Violation of Park Rules|Unauthorized Climbing,Unauthorized Climbing
Consumer Complaint|Mobile Food Vendor,Mobile Food Vendor
Beach/Pool/Sauna Complaint|Beach/Pool/Sauna Unpermitted,Beach/Pool/Sauna Unpermitted
Street Sign - Damaged|Construction,Construction
Consumer Complaint|General Vendor,General Vendor
